Criterion,Average,Standard Deviation
Rideability,0.150234211,0.119510897
Safety,0.445324091,0.115559189
User Costs,0.110841727,0.061010168
Deterioration Rate,0.187241763,0.107268015
Environmental Impact,0.106358208,0.077770578
